person_id,person_name,person_display_name,person_type,group_id,group_name,group_display_name,group_type
12526,Na Dai,Na Dai,Person,16938,Andean Horizon,Andean Horizon,MusicalGroup
12527,Xia Wu,Xia Wu,Person,16938,Andean Horizon,Andean Horizon,MusicalGroup
3070,Min Jin,Min Jin,Person,16873,Animated Antics,Animated Antics,MusicalGroup
3068,Tao Lei,Tao Lei,Person,16873,Animated Antics,Animated Antics,MusicalGroup
9194,Giuliana Costanzi,Giuliana Costanzi,Person,16776,Archipelago,Archipelago,MusicalGroup
3753,Graziella Saffi,Graziella Saffi,Person,16776,Archipelago,Archipelago,MusicalGroup
9199,Maura Chiappetta,Maura Chiappetta,Person,16776,Archipelago,Archipelago,MusicalGroup
2426,Guiying Ren,Guiying Ren,Person,16899,Arco Luminoso,Arco Luminoso,MusicalGroup
594,Na Fan,Na Fan,Person,16899,Arco Luminoso,Arco Luminoso,MusicalGroup
878,Jing Kang,Jing Kang,Person,16746,Arctic Scholars,Arctic Scholars,MusicalGroup
1858,Li Lu,Li Lu,Person,16746,Arctic Scholars,Arctic Scholars,MusicalGroup
1103,Ekkehard Förster,Ekkehard Förster,Person,16757,Artisans of Rhythm,Artisans of Rhythm,MusicalGroup
7570,Jacob Boyd,Jacob Boyd,Person,16757,Artisans of Rhythm,Artisans of Rhythm,MusicalGroup
3107,Laura Sanchez,Laura Sanchez,Person,16757,Artisans of Rhythm,Artisans of Rhythm,MusicalGroup
7569,Raissa Anders,Raissa Anders,Person,16757,Artisans of Rhythm,Artisans of Rhythm,MusicalGroup
11981,Maria Freeman,Maria Freeman,Person,16787,Ascendant,Ascendant,MusicalGroup
11982,Min Deng,Min Deng,Person,16787,Ascendant,Ascendant,MusicalGroup
4009,Christopher Thomas,Christopher Thomas,Person,16884,Balkan Prisms,Balkan Prisms,MusicalGroup
4010,Laure du Hebert,Laure du Hebert,Person,16884,Balkan Prisms,Balkan Prisms,MusicalGroup
4011,Nathalie Legrand,Nathalie Legrand,Person,16884,Balkan Prisms,Balkan Prisms,MusicalGroup
3545,Jonathan Diaz,Jonathan Diaz,Person,16848,Blazing Collective,Blazing Collective,MusicalGroup
3544,Ming Zhao,Ming Zhao,Person,16848,Blazing Collective,Blazing Collective,MusicalGroup
10961,Leslie Barnes,Leslie Barnes,Person,16769,Blueprints,Blueprints,MusicalGroup
8266,Nathan Perez,Nathan Perez,Person,16769,Blueprints,Blueprints,MusicalGroup
8272,Samuel Rogers,Samuel Rogers,Person,16769,Blueprints,Blueprints,MusicalGroup
3847,Joseph Luna,Joseph Luna,Person,16838,Borderlands,Borderlands,MusicalGroup
3846,Sylvia Watson,Sylvia Watson,Person,16838,Borderlands,Borderlands,MusicalGroup
12053,Sarah Gardner,Bishop,Person,16897,Bouncy Gong,Bouncy Gong,MusicalGroup
12056,Michael Maddox,Michael Maddox,Person,16897,Bouncy Gong,Bouncy Gong,MusicalGroup
8752,Anita Hamerla,Anita Hamerla,Person,16824,Brass Horizon Ensemble,Brass Horizon Ensemble,MusicalGroup
11615,Gabriel Malon,Gabriel Malon,Person,16824,Brass Horizon Ensemble,Brass Horizon Ensemble,MusicalGroup
5186,Ante Reinhardt-Hande,Ante Reinhardt-Hande,Person,16926,Brüderklang,Brüderklang,MusicalGroup
5187,Guiying Cai,Guiying Cai,Person,16926,Brüderklang,Brüderklang,MusicalGroup
1079,Qiang Yuan,Qiang Yuan,Person,16926,Brüderklang,Brüderklang,MusicalGroup
987,Karl-Otto Käster,Karl-Otto Käster,Person,16845,Bureaucracy,Bureaucracy,MusicalGroup
707,Kelsey Campbell,Kelsey Campbell,Person,16845,Bureaucracy,Bureaucracy,MusicalGroup
1614,Michelangelo Nolcini,Michelangelo Nolcini,Person,16764,Burrowing Rodent,Burrowing Rodent,MusicalGroup
1615,Nada Pechel,Nada Pechel,Person,16764,Burrowing Rodent,Burrowing Rodent,MusicalGroup
1612,Rita Iannucci,Rita Iannucci,Person,16764,Burrowing Rodent,Burrowing Rodent,MusicalGroup
3665,Diana Taylor,Diana Taylor,Person,16778,Buzz Collective,Buzz Collective,MusicalGroup
3666,Kayla Gomez,Kayla Gomez,Person,16778,Buzz Collective,Buzz Collective,MusicalGroup
9593,Chao Zheng,Chao Zheng,Person,16939,Cardboard Twenty-Five,Cardboard Twenty-Five,MusicalGroup
9595,Jie Su,Jie Su,Person,16939,Cardboard Twenty-Five,Cardboard Twenty-Five,MusicalGroup
17021,Milo Knight,Milo Knight,Person,17022,Cassette Future,Cassette Future,MusicalGroup
17020,Zara Quinn,Zara Quinn,Person,17022,Cassette Future,Cassette Future,MusicalGroup
4141,Ping Zhong,Ping Zhong,Person,16847,Celestial Horizon,Celestial Horizon,MusicalGroup
4145,Yan Liang,Yan Liang,Person,16847,Celestial Horizon,Celestial Horizon,MusicalGroup
4255,Guiying Zhou,Guiying Zhou,Person,16821,Celestial Ink,Celestial Ink,MusicalGroup
4258,Lei Fu,Lei Fu,Person,16821,Celestial Ink,Celestial Ink,MusicalGroup
4256,Ming Ding,Ming Ding,Person,16821,Celestial Ink,Celestial Ink,MusicalGroup
5974,Brian Gonzalez,Brian Gonzalez,Person,16898,Citrus Spirit,Citrus Spirit,MusicalGroup
5978,Li Jin,Li Jin,Person,16898,Citrus Spirit,Citrus Spirit,MusicalGroup
5973,Christine Wall,Orphea,Person,16898,Citrus Spirit,Citrus Spirit,MusicalGroup
5976,Ping Jia,Ping Jia,Person,16898,Citrus Spirit,Citrus Spirit,MusicalGroup
2388,Joe Taylor,Joe Taylor,Person,16792,Civic Ensemble,Civic Ensemble,MusicalGroup
2389,Monica Brown,Monica Brown,Person,16792,Civic Ensemble,Civic Ensemble,MusicalGroup
1086,Chao Qiu,Chao Qiu,Person,16803,Coastal Horizon,Coastal Horizon,MusicalGroup
1084,Qiang Bai,Qiang Bai,Person,16803,Coastal Horizon,Coastal Horizon,MusicalGroup
10794,Frédéric de la Coulon,Frédéric de la Coulon,Person,16872,Collective Conscience,Collective Conscience,MusicalGroup
10798,Valérie Mathieu,Valérie Mathieu,Person,16872,Collective Conscience,Collective Conscience,MusicalGroup
456,Yan Tang,Yan Tang,Person,16790,Collettivo Moderno,Collettivo Moderno,MusicalGroup
455,Yang Peng,Yang Peng,Person,16790,Collettivo Moderno,Collettivo Moderno,MusicalGroup
17349,Beatrice Albright,Bea Azure,Person,17361,Copper Canyon Ghosts,Copper Canyon Ghosts,MusicalGroup
17355,Daniel O'Connell,Kael Storm,Person,17361,Copper Canyon Ghosts,Copper Canyon Ghosts,MusicalGroup
4397,Lei Shen,Lei Shen,Person,16802,Cosmic Drift,Cosmic Drift,MusicalGroup
4395,Xia Cui,Xia Cui,Person,16802,Cosmic Drift,Cosmic Drift,MusicalGroup
4394,Xiuying Li,Xiuying Li,Person,16802,Cosmic Drift,Cosmic Drift,MusicalGroup
17069,Quinn Rivers,Quinn Rivers,Person,17071,Cosmic Reverberation,Cosmic Reverberation,MusicalGroup
17070,Ryder Lyons,Ryder Lyons,Person,17071,Cosmic Reverberation,Cosmic Reverberation,MusicalGroup
296,Juan Long,Juan Long,Person,16861,Cosmic Sankey,Cosmic Sankey,MusicalGroup
5360,Ping Xiang,Ping Xiang,Person,16861,Cosmic Sankey,Cosmic Sankey,MusicalGroup
16993,Olivia Carter,Echo Wilde,Person,16996,Crimson Carriage,Crimson Carriage,MusicalGroup
16994,Lucas Bennett,Lucas Bennett,Person,16996,Crimson Carriage,Crimson Carriage,MusicalGroup
16995,Maya Torres,Selene Noir,Person,16996,Crimson Carriage,Crimson Carriage,MusicalGroup
10223,Lei Lu,Lei Lu,Person,16917,Crimson Harvest,Crimson Harvest,MusicalGroup
10224,Xia Song,Xia Song,Person,16917,Crimson Harvest,Crimson Harvest,MusicalGroup
1180,Guiying Liao,Guiying Liao,Person,16753,Crimson Theorem,Crimson Theorem,MusicalGroup
1438,Jie Cui,Jie Cui,Person,16753,Crimson Theorem,Crimson Theorem,MusicalGroup
1437,Ping Sun,Ping Sun,Person,16753,Crimson Theorem,Crimson Theorem,MusicalGroup
1182,Yan Zou,Yan Zou,Person,16753,Crimson Theorem,Crimson Theorem,MusicalGroup
3820,Melanie Jimenez,Melanie Jimenez,Person,16799,Crossroads & Cipher,Crossroads & Cipher,MusicalGroup
3821,Steven Buchanan,Steven Buchanan,Person,16799,Crossroads & Cipher,Crossroads & Cipher,MusicalGroup
17056,Ash Mercer,Ash Mercer,Person,17057,Desert Echoes,Desert Echoes,MusicalGroup
17054,Jax Holloway,Jax Holloway,Person,17057,Desert Echoes,Desert Echoes,MusicalGroup
17055,Riley Vex,Riley Vex,Person,17057,Desert Echoes,Desert Echoes,MusicalGroup
6470,Andrej Ruppersberger,Andrej Ruppersberger,Person,16885,Diaspora Rising,Diaspora Rising,MusicalGroup
7710,Gundi Barkholz,Gundi Barkholz,Person,16885,Diaspora Rising,Diaspora Rising,MusicalGroup
1818,Sarah James,Sarah James,Person,16932,Double Chance,Double Chance,MusicalGroup
1820,Susan Mcclain,Susan Mcclain,Person,16932,Double Chance,Double Chance,MusicalGroup
17326,Jonas Fenwick,Jonas Fenwick,Person,17327,Drowned Harbor,Drowned Harbor,MusicalGroup
17323,Orin Caldwell,Orin Caldwell,Person,17327,Drowned Harbor,Drowned Harbor,MusicalGroup
17324,Selena Marrow,Selena Marrow,Person,17327,Drowned Harbor,Drowned Harbor,MusicalGroup
17325,Thorne Rivenhall,Thorne Rivenhall,Person,17327,Drowned Harbor,Drowned Harbor,MusicalGroup
6890,Nicole Scott,Nicole Scott,Person,16937,Echo Syntax,Echo Syntax,MusicalGroup
6889,Xia Cui,Xia Cui,Person,16937,Echo Syntax,Echo Syntax,MusicalGroup
6891,Xia Zhou,Xia Zhou,Person,16937,Echo Syntax,Echo Syntax,MusicalGroup
4134,Dwayne Wilson,Dwayne Wilson,Person,16774,Echoes of Arcadia,Echoes of Arcadia,MusicalGroup
4131,Kelsey Hernandez,Kelsey Hernandez,Person,16774,Echoes of Arcadia,Echoes of Arcadia,MusicalGroup
1143,Michelle Williams,Michelle Williams,Person,16889,Echoes of Eternity,Echoes of Eternity,MusicalGroup
1142,Sandra Green,Sandra Green,Person,16889,Echoes of Eternity,Echoes of Eternity,MusicalGroup
1141,Tamara Solis,Tamara Solis,Person,16889,Echoes of Eternity,Echoes of Eternity,MusicalGroup
567,Juan Yan,Juan Yan,Person,16927,Electric Collective,Electric Collective,MusicalGroup
566,Tao Yang,Tao Yang,Person,16927,Electric Collective,Electric Collective,MusicalGroup
564,Yan Su,Yan Su,Person,16927,Electric Collective,Electric Collective,MusicalGroup
7462,Colette-Jeannine Lemaître,Colette-Jeannine Lemaître,Person,16819,Electric Novella,Electric Novella,MusicalGroup
7464,Raymond Chartier,Raymond Chartier,Person,16819,Electric Novella,Electric Novella,MusicalGroup
7463,Simone Parent,Simone Parent,Person,16819,Electric Novella,Electric Novella,MusicalGroup
9633,Bryan Smith,Bryan Smith,Person,16869,Electric Twist,Electric Twist,MusicalGroup
9635,Ronald Kennedy,Ronald Kennedy,Person,16869,Electric Twist,Electric Twist,MusicalGroup
3503,Constance Guibert,Constance Guibert,Person,16892,Embers of Wrath,Embers of Wrath,MusicalGroup
3502,Ignazio Pastine,Valkyris,Person,16892,Embers of Wrath,Embers of Wrath,MusicalGroup
3504,Zacharie Martins,Zacharie Martins,Person,16892,Embers of Wrath,Embers of Wrath,MusicalGroup
9510,Fang Yin,Fang Yin,Person,16783,Encrucijada,Encrucijada,MusicalGroup
9509,Ping Hao,Ping Hao,Person,16783,Encrucijada,Encrucijada,MusicalGroup
9508,Ping Qin,Ping Qin,Person,16783,Encrucijada,Encrucijada,MusicalGroup
99,Miki Hayashi,Miki Hayashi,Person,16890,Estación Sonora,Estación Sonora,MusicalGroup
6269,Ming Zheng,Ming Zheng,Person,16890,Estación Sonora,Estación Sonora,MusicalGroup
7179,Tina Raymond,Tina Raymond,Person,16921,Ethereal Chorus,Ethereal Chorus,MusicalGroup
6270,Yan Feng,Yan Feng,Person,16921,Ethereal Chorus,Ethereal Chorus,MusicalGroup
4144,Yang Liao,Yang Liao,Person,16935,Fallen Cherubs,Fallen Cherubs,MusicalGroup
4146,Yong Zeng,Yong Zeng,Person,16935,Fallen Cherubs,Fallen Cherubs,MusicalGroup
5459,Tao Jin,Tao Jin,Person,16760,Fiesta Nocturna,Fiesta Nocturna,MusicalGroup
1276,Yong Dong,Yong Dong,Person,16760,Fiesta Nocturna,Fiesta Nocturna,MusicalGroup
3413,Tao Xie,Tao Xie,Person,16808,Final Order,Final Order,MusicalGroup
4125,Tao Zhang,Tao Zhang,Person,16808,Final Order,Final Order,MusicalGroup
1219,Yan Cai,Yan Cai,Person,16808,Final Order,Final Order,MusicalGroup
2780,Melina Tebaldi,Melina Tebaldi,Person,16883,Fixx'd,Fixx'd,MusicalGroup
2782,Stephen Meyer,Stephen Meyer,Person,16883,Fixx'd,Fixx'd,MusicalGroup
9367,Karen Anderson,Karen Anderson,Person,16931,Forjadura,Forjadura,MusicalGroup
9368,Tammy Chen,Tammy Chen,Person,16931,Forjadura,Forjadura,MusicalGroup
5048,Dennis Bush,Dennis Bush,Person,16905,Fractured Mirrors,Fractured Mirrors,MusicalGroup
5049,Robert Knight,Robert Knight,Person,16905,Fractured Mirrors,Fractured Mirrors,MusicalGroup
5554,Gordon Cox,Gordon Cox,Person,16859,Glide,Glide,MusicalGroup
7564,Ryan Cohen,JUXX 100,Person,16859,Glide,Glide,MusicalGroup
8,David Franklin,David Franklin,Person,16881,Green Haze Collective,Green Haze Collective,MusicalGroup
7,Xiulan Zeng,Xiulan Zeng,Person,16881,Green Haze Collective,Green Haze Collective,MusicalGroup
8468,David Lopez,David Lopez,Person,16827,Harmonic Collective,Harmonic Collective,MusicalGroup
8466,John Rogers,John Rogers,Person,16827,Harmonic Collective,Harmonic Collective,MusicalGroup
8467,Robert Pham,Robert Pham,Person,16827,Harmonic Collective,Harmonic Collective,MusicalGroup
2978,Guiying Gao,Guiying Gao,Person,16798,Hex Collective,Hex Collective,MusicalGroup
2981,Wei Cui,Wei Cui,Person,16798,Hex Collective,Hex Collective,MusicalGroup
4317,Juan Ding,Juan Ding,Person,16915,Highway Vibes,Highway Vibes,MusicalGroup
4319,Xiulan Tao,Xiulan Tao,Person,16915,Highway Vibes,Highway Vibes,MusicalGroup
1541,Harro Trapp-Caspar,Harro Trapp-Caspar,Person,16843,Immortal Spark,Immortal Spark,MusicalGroup
7387,Regina Bruce,Regina Bruce,Person,16843,Immortal Spark,Immortal Spark,MusicalGroup
5646,Fang Bai,Fang Bai,Person,16891,Insurgencia,Insurgencia,MusicalGroup
5645,Wei Zhao,Wei Zhao,Person,16891,Insurgencia,Insurgencia,MusicalGroup
3157,Jun Chang,Jun Chang,Person,16831,Intermezzo Collective,Intermezzo Collective,MusicalGroup
3155,Lei Bai,Lei Bai,Person,16831,Intermezzo Collective,Intermezzo Collective,MusicalGroup
2006,Filippo Pelli,Filippo Pelli,Person,16755,Interval Shift,Interval Shift,MusicalGroup
3360,Isabella Farinelli,Isabella Farinelli,Person,16755,Interval Shift,Interval Shift,MusicalGroup
2004,Martino Michelangeli,Martino Michelangeli,Person,16755,Interval Shift,Interval Shift,MusicalGroup
17135,Benjamin Clark,Ben Ryder,Person,17138,Iron Cathedral,Iron Cathedral,MusicalGroup
17136,Sophia Brooks,Kaelan Frost,Person,17138,Iron Cathedral,Iron Cathedral,MusicalGroup
17137,Maximus Grey,Maximus Grey,Person,17138,Iron Cathedral,Iron Cathedral,MusicalGroup
4579,Kathryn Ward,Kathryn Ward,Person,16912,Ivory Pulse,Ivory Pulse,MusicalGroup
4577,Julie Reynolds,Quantum Drift,Person,16912,Ivory Pulse,Ivory Pulse,MusicalGroup
17258,Jade Thompson,Jade Thompson,Person,17260,Ivy Echos,Ivy Echos,MusicalGroup
17257,"Lila ""Lilly"" Hartman","Lila ""Lilly"" Hartman",Person,17260,Ivy Echos,Ivy Echos,MusicalGroup
17256,Maya Jensen,Maya Jensen,Person,17260,Ivy Echos,Ivy Echos,MusicalGroup
17255,Sailor Shift,Sailor Shift,Person,17260,Ivy Echos,Ivy Echos,MusicalGroup
17259,Sophie Ramirez,Sophie Ramirez,Person,17260,Ivy Echos,Ivy Echos,MusicalGroup
11983,Linda Reed,Linda Reed,Person,16759,Jam & Honey,Jam & Honey,MusicalGroup
7252,Zachary Harris,Zachary Harris,Person,16759,Jam & Honey,Jam & Honey,MusicalGroup
5807,Ping Xia,Ping Xia,Person,16887,Jazzy Wanderers,Jazzy Wanderers,MusicalGroup
5806,Xiuying Zhong,Xiuying Zhong,Person,16887,Jazzy Wanderers,Jazzy Wanderers,MusicalGroup
5805,Yan Yin,Yan Yin,Person,16887,Jazzy Wanderers,Jazzy Wanderers,MusicalGroup
4568,Guglielmo Canetta,Guglielmo Canetta,Person,16758,Joker's Smile,Joker's Smile,MusicalGroup
4566,Nicola Bernetti,Nicola Bernetti,Person,16758,Joker's Smile,Joker's Smile,MusicalGroup
4569,Serena Lettiere,Serena Lettiere,Person,16758,Joker's Smile,Joker's Smile,MusicalGroup
4567,Vincentio Gentili,Vincentio Gentili,Person,16758,Joker's Smile,Joker's Smile,MusicalGroup
2773,Christopher Reed,Christopher Reed,Person,16901,Jovens Sujos,Jovens Sujos,MusicalGroup
2772,Stephen Bell,Stephen Bell,Person,16901,Jovens Sujos,Jovens Sujos,MusicalGroup
4355,Ping Peng,Ping Peng,Person,16851,Kinship Harmony,Kinship Harmony,MusicalGroup
4356,Xia Jia,Xia Jia,Person,16851,Kinship Harmony,Kinship Harmony,MusicalGroup
2650,Lisa Castillo,Lisa Castillo,Person,16830,Klok en Snaar,Klok en Snaar,MusicalGroup
2651,Renee Williams,Renee Williams,Person,16830,Klok en Snaar,Klok en Snaar,MusicalGroup
12624,Jacob Harris,Jacob Harris,Person,16854,Knarren,Knarren,MusicalGroup
12082,Rolando Gagliardi,Rolando Gagliardi,Person,16854,Knarren,Knarren,MusicalGroup
9031,Erica Walton,Erica Walton,Person,16796,Liquid Prism,Liquid Prism,MusicalGroup
9032,Matthew Yoder,Matthew Yoder,Person,16796,Liquid Prism,Liquid Prism,MusicalGroup
10661,Angelina Sölzer,Angelina Sölzer,Person,16768,Liquid Vortex,Liquid Vortex,MusicalGroup
10660,Karl-August Beyer,Karl-August Beyer,Person,16768,Liquid Vortex,Liquid Vortex,MusicalGroup
8613,Roy Tschentscher,Roy Tschentscher,Person,16768,Liquid Vortex,Liquid Vortex,MusicalGroup
1492,Juan Yu,Juan Yu,Person,16797,Loro,Loro,MusicalGroup
1493,Lei Jin,Lei Jin,Person,16797,Loro,Loro,MusicalGroup
1494,Qiang Song,Qiang Song,Person,16797,Loro,Loro,MusicalGroup
1491,Yong Lai,Yong Lai,Person,16797,Loro,Loro,MusicalGroup
1490,Yong Shen,Yong Shen,Person,16797,Loro,Loro,MusicalGroup
8136,Li Yang,Li Yang,Person,16934,Los Leones del Valle,Los Leones del Valle,MusicalGroup
8130,Samuel Gutierrez,Samuel Gutierrez,Person,16934,Los Leones del Valle,Los Leones del Valle,MusicalGroup
5266,Guiying Hou,Guiying Hou,Person,16844,Lueur,Lueur,MusicalGroup
6634,Timothy Burke,Timothy Burke,Person,16844,Lueur,Lueur,MusicalGroup
1089,Denise Schroeder,Denise Schroeder,Person,16801,Luminescence,Luminescence,MusicalGroup
1090,Sydney Adams,Sydney Adams,Person,16801,Luminescence,Luminescence,MusicalGroup
8250,John Anderson,John Anderson,Person,16870,Luminous Fracture,Luminous Fracture,MusicalGroup
10347,Robert Garcia,Robert Garcia,Person,16870,Luminous Fracture,Luminous Fracture,MusicalGroup
2517,Frau Adelgunde Hermighausen,Frau Adelgunde Hermighausen,Person,16777,Luna Spark,Luna Spark,MusicalGroup
2516,Ottmar Grein Groth-Butte,Vespera,Person,16777,Luna Spark,Luna Spark,MusicalGroup
7214,Fang Cui,Fang Cui,Person,16857,Lunar Drift,Lunar Drift,MusicalGroup
7215,Jing Mao,Jing Mao,Person,16857,Lunar Drift,Lunar Drift,MusicalGroup
7218,Li Song,Li Song,Person,16857,Lunar Drift,Lunar Drift,MusicalGroup
7217,Min Kong,Min Kong,Person,16857,Lunar Drift,Lunar Drift,MusicalGroup
83,Loretta Roberts,Loretta Roberts,Person,16800,Lunar Echo,Lunar Echo,MusicalGroup
82,Min Ye,Min Ye,Person,16800,Lunar Echo,Lunar Echo,MusicalGroup
6465,Jennifer Savage,Jennifer Savage,Person,16907,Lunar Prism,Lunar Prism,MusicalGroup
6464,Yong Bai,Yong Bai,Person,16907,Lunar Prism,Lunar Prism,MusicalGroup
6056,Xiulan Qin,Xiulan Qin,Person,16829,Lunar Pulse,Lunar Pulse,MusicalGroup
6055,Yong Fu,Yong Fu,Person,16829,Lunar Pulse,Lunar Pulse,MusicalGroup
676,Brandon Bartlett,Brandon Bartlett,Person,16770,Lunar Syntax,Lunar Syntax,MusicalGroup
6053,Guiying Huang,Guiying Huang,Person,16770,Lunar Syntax,Lunar Syntax,MusicalGroup
6052,Heidi Jones,Heidi Jones,Person,16770,Lunar Syntax,Lunar Syntax,MusicalGroup
355,Juan Yin,Juan Yin,Person,16770,Lunar Syntax,Lunar Syntax,MusicalGroup
678,Nathan Bryant,Nathan Bryant,Person,16770,Lunar Syntax,Lunar Syntax,MusicalGroup
4730,Gang Peng,Gang Peng,Person,16923,LyriCrest,LyriCrest,MusicalGroup
4732,Jun Jia,Jun Jia,Person,16923,LyriCrest,LyriCrest,MusicalGroup
4731,Li Duan,Li Duan,Person,16923,LyriCrest,LyriCrest,MusicalGroup
4729,Ming Jiang,Ming Jiang,Person,16923,LyriCrest,LyriCrest,MusicalGroup
17242,Ella Parker,Ella Parker,Person,17243,Mariner's Refrain,Mariner's Refrain,MusicalGroup
17240,Leo Hamilton,Leo Hamilton,Person,17243,Mariner's Refrain,Mariner's Refrain,MusicalGroup
17241,Noah Bennett,Noah Bennett,Person,17243,Mariner's Refrain,Mariner's Refrain,MusicalGroup
5367,Juan Feng,Juan Feng,Person,16763,Martial Harmonies,Martial Harmonies,MusicalGroup
6605,Jun Xie,Jun Xie,Person,16763,Martial Harmonies,Martial Harmonies,MusicalGroup
5368,Xia Dai,Xia Dai,Person,16763,Martial Harmonies,Martial Harmonies,MusicalGroup
5366,Xiuying Song,Xiuying Song,Person,16763,Martial Harmonies,Martial Harmonies,MusicalGroup
5370,Xiuying Xiang,Xiuying Xiang,Person,16763,Martial Harmonies,Martial Harmonies,MusicalGroup
10451,Erdmute Hermann-Karge,Erdmute Hermann-Karge,Person,16820,Melodic Mischief,Melodic Mischief,MusicalGroup
10452,Erkan Barkholz,Erkan Barkholz,Person,16820,Melodic Mischief,Melodic Mischief,MusicalGroup
5114,Evelyn Hernandez,Evelyn Hernandez,Person,16842,Midnight Feather,Midnight Feather,MusicalGroup
5118,Kathryn Sherman,Kathryn Sherman,Person,16842,Midnight Feather,Midnight Feather,MusicalGroup
5117,Kevin Baker,Kevin Baker,Person,16842,Midnight Feather,Midnight Feather,MusicalGroup
6950,Gang Qin,Gang Qin,Person,16780,Midnight Harvest,Midnight Harvest,MusicalGroup
6952,Ping He,Ping He,Person,16780,Midnight Harvest,Midnight Harvest,MusicalGroup
6198,Xiuying Cheng,Xiuying Cheng,Person,16780,Midnight Harvest,Midnight Harvest,MusicalGroup
3843,Fang Jia,Fang Jia,Person,16785,Midnight Prism,Midnight Prism,MusicalGroup
3841,Li Jin,Li Jin,Person,16785,Midnight Prism,Midnight Prism,MusicalGroup
2508,Ping Ding,Ping Ding,Person,16871,Midnight Protocol,Midnight Protocol,MusicalGroup
2509,Qiang Dong,Qiang Dong,Person,16871,Midnight Protocol,Midnight Protocol,MusicalGroup
2506,Xiuying Zhu,Xiuying Zhu,Person,16871,Midnight Protocol,Midnight Protocol,MusicalGroup
1270,Fang Liang,Fang Liang,Person,16773,Midnight Recursion,Midnight Recursion,MusicalGroup
1275,Gang Shen,Gang Shen,Person,16773,Midnight Recursion,Midnight Recursion,MusicalGroup
1273,Gang Wen,Gang Wen,Person,16773,Midnight Recursion,Midnight Recursion,MusicalGroup
8312,Eric Lewis,Eric Lewis,Person,16906,Midnight Terrain,Midnight Terrain,MusicalGroup
8313,William Jones,William Jones,Person,16906,Midnight Terrain,Midnight Terrain,MusicalGroup
7154,Gregg Fuentes,Gregg Fuentes,Person,16837,Mineral Breath Asphalt,Mineral Breath Asphalt,MusicalGroup
7156,Michaela Kelley,Michaela Kelley,Person,16837,Mineral Breath Asphalt,Mineral Breath Asphalt,MusicalGroup
6030,Carlo Mazzacurati,Carlo Mazzacurati,Person,16877,Misfit Bistro,Misfit Bistro,MusicalGroup
6032,Rosaria Pedersoli,Rosaria Pedersoli,Person,16877,Misfit Bistro,Misfit Bistro,MusicalGroup
223,Borys Kościk,Borys Kościk,Person,16834,Moonlit Avenue,Moonlit Avenue,MusicalGroup
221,Olaf Szumny,Olaf Szumny,Person,16834,Moonlit Avenue,Moonlit Avenue,MusicalGroup
1093,Li Gong,Li Gong,Person,16876,Moral Friction,Moral Friction,MusicalGroup
1094,Xiulan Tang,Xiulan Tang,Person,16876,Moral Friction,Moral Friction,MusicalGroup
3379,Jun Ye,Jun Ye,Person,16804,Mutual Orbit,Mutual Orbit,MusicalGroup
3377,Ming Qiao,Ming Qiao,Person,16804,Mutual Orbit,Mutual Orbit,MusicalGroup
7888,Corinne du Bazin,Corinne du Bazin,Person,16895,Narrer på Vagt,Narrer på Vagt,MusicalGroup
7887,Marianne Sanchez-Hebert,Marianne Sanchez-Hebert,Person,16895,Narrer på Vagt,Narrer på Vagt,MusicalGroup
1220,Jie Lai,Jie Lai,Person,16807,Narrow Passages,Narrow Passages,MusicalGroup
10555,Leandro Artigas Benítez,Leandro Artigas Benítez,Person,16807,Narrow Passages,Narrow Passages,MusicalGroup
7852,Li Zeng,Li Zeng,Person,16807,Narrow Passages,Narrow Passages,MusicalGroup
10554,Ping Fan,Ping Fan,Person,16807,Narrow Passages,Narrow Passages,MusicalGroup
1261,Caroline Reilly,Caroline Reilly,Person,16904,Necropolis Noir,Necropolis Noir,MusicalGroup
1263,Lori Waters,Lori Waters,Person,16904,Necropolis Noir,Necropolis Noir,MusicalGroup
1664,Min Jia,Min Jia,Person,16761,Neon Horizon,Neon Horizon,MusicalGroup
1662,Yan Wen,Yan Wen,Person,16761,Neon Horizon,Neon Horizon,MusicalGroup
2329,Ludovico Mondadori,Ludovico Mondadori,Person,16825,Neon Pulse,Neon Pulse,MusicalGroup
2328,Martino Toninelli,Martino Toninelli,Person,16825,Neon Pulse,Neon Pulse,MusicalGroup
2878,Anaïs Wagner,Anaïs Wagner,Person,16893,Neue Schicht,Neue Schicht,MusicalGroup
2877,Juan Zhong,Juan Zhong,Person,16893,Neue Schicht,Neue Schicht,MusicalGroup
4495,Michelle Davis,Michelle Davis,Person,16864,Nocturnal Drifters,Nocturnal Drifters,MusicalGroup
4494,Thomas Harrison,Thomas Harrison,Person,16864,Nocturnal Drifters,Nocturnal Drifters,MusicalGroup
1815,Konrad Goss,Konrad Goss,Person,16786,Nomadic Resonance,Nomadic Resonance,MusicalGroup
1816,Kornel Preś,Kornel Preś,Person,16786,Nomadic Resonance,Nomadic Resonance,MusicalGroup
882,Yan Jin,Yan Jin,Person,16754,Nordic Echo,Nordic Echo,MusicalGroup
883,Yang Peng,Yang Peng,Person,16754,Nordic Echo,Nordic Echo,MusicalGroup
1202,Emily Nelson,Emily Nelson,Person,16751,Nordic Kitchen Collective,Nordic Kitchen Collective,MusicalGroup
1198,Qiang He,Qiang He,Person,16751,Nordic Kitchen Collective,Nordic Kitchen Collective,MusicalGroup
1200,Qiang Zhao,Qiang Zhao,Person,16751,Nordic Kitchen Collective,Nordic Kitchen Collective,MusicalGroup
1197,Xia Ding,Xia Ding,Person,16751,Nordic Kitchen Collective,Nordic Kitchen Collective,MusicalGroup
7513,Matthew Griffin,Matthew Griffin,Person,16879,Nordisk Resonans,Nordisk Resonans,MusicalGroup
7515,Samantha Herring,Samantha Herring,Person,16879,Nordisk Resonans,Nordisk Resonans,MusicalGroup
6668,Li Shen,Li Shen,Person,16922,Obsidian Harmony,Obsidian Harmony,MusicalGroup
6667,Ming Zhu,Ming Zhu,Person,16922,Obsidian Harmony,Obsidian Harmony,MusicalGroup
2345,Alla Lorch,Alla Lorch,Person,16748,Ochre,Ochre,MusicalGroup
12992,Antonius Faust,Antonius Faust,Person,16748,Ochre,Ochre,MusicalGroup
2344,Sandro Gröttner,BLVDE,Person,16748,Ochre,Ochre,MusicalGroup
2346,Silvio Krause,Silvio Krause,Person,16748,Ochre,Ochre,MusicalGroup
6037,Fang Tan,Fang Tan,Person,16791,Operatic Insurgence,Operatic Insurgence,MusicalGroup
6039,Fang Yin,Fang Yin,Person,16791,Operatic Insurgence,Operatic Insurgence,MusicalGroup
6534,Tao Yao,Tao Yao,Person,16862,Operatic Pulse,Operatic Pulse,MusicalGroup
8253,Yang Zhao,Yang Zhao,Person,16862,Operatic Pulse,Operatic Pulse,MusicalGroup
4573,Edit Hethur,Edit Hethur,Person,16856,Parallel Static,Parallel Static,MusicalGroup
4572,Janna Jäkel,Janna Jäkel,Person,16856,Parallel Static,Parallel Static,MusicalGroup
4574,Margit Sölzer,Margit Sölzer,Person,16856,Parallel Static,Parallel Static,MusicalGroup
1441,Astrid Lecoq,Astrid Lecoq,Person,16810,Peripheral Circuit,Peripheral Circuit,MusicalGroup
1442,Élodie Albert,Élodie Albert,Person,16810,Peripheral Circuit,Peripheral Circuit,MusicalGroup
5309,Gundula Löchel,Gundula Löchel,Person,16894,Phantom Harmony,Phantom Harmony,MusicalGroup
2872,Jadwiga Gertz,Jadwiga Gertz,Person,16894,Phantom Harmony,Phantom Harmony,MusicalGroup
162,Mia Carsten,Mia Carsten,Person,16894,Phantom Harmony,Phantom Harmony,MusicalGroup
1777,Judith Hunter,Judith Hunter,Person,16930,Phantom Resonance,Phantom Resonance,MusicalGroup
1774,Paula Wilson,Paula Wilson,Person,16930,Phantom Resonance,Phantom Resonance,MusicalGroup
1778,Rachel Wilson,Rachel Wilson,Person,16930,Phantom Resonance,Phantom Resonance,MusicalGroup
1775,Steven Branch,Steven Branch,Person,16930,Phantom Resonance,Phantom Resonance,MusicalGroup
1335,Ming Long,Ming Long,Person,16910,Phantom Roots,Phantom Roots,MusicalGroup
1336,Yong Lu,Yong Lu,Person,16910,Phantom Roots,Phantom Roots,MusicalGroup
562,Antoine Perrot-Léger,Antoine Perrot-Léger,Person,16914,Phantom Sync,Phantom Sync,MusicalGroup
560,Charlotte Lefèvre,Charlotte Lefèvre,Person,16914,Phantom Sync,Phantom Sync,MusicalGroup
559,Christine Bonnin-Morel,Christine Bonnin-Morel,Person,16914,Phantom Sync,Phantom Sync,MusicalGroup
561,Rémy Denis de Duhamel,Rémy Denis de Duhamel,Person,16914,Phantom Sync,Phantom Sync,MusicalGroup
4076,Leslie Mathis,Leslie Mathis,Person,16841,Phantom Syntax,Phantom Syntax,MusicalGroup
4073,Patricia Hardy,Patricia Hardy,Person,16841,Phantom Syntax,Phantom Syntax,MusicalGroup
4075,Xia Du,Xia Du,Person,16841,Phantom Syntax,Phantom Syntax,MusicalGroup
9444,Adrien Gérard,Adrien Gérard,Person,16888,Pivotal Trinity,Pivotal Trinity,MusicalGroup
9442,Michel Fournier-Robert,Michel Fournier-Robert,Person,16888,Pivotal Trinity,Pivotal Trinity,MusicalGroup
5728,Ryan Ford,Ryan Ford,Person,16811,Preset Protocol,Preset Protocol,MusicalGroup
5727,Yasmin Verschut,Yasmin Verschut,Person,16811,Preset Protocol,Preset Protocol,MusicalGroup
8265,Ashley Cox PhD,Ashley Cox PhD,Person,16782,Primal Rhythm,Primal Rhythm,MusicalGroup
8271,Kathryn Golden,Kathryn Golden,Person,16782,Primal Rhythm,Primal Rhythm,MusicalGroup
8264,Kelli Rodriguez,Kelli Rodriguez,Person,16782,Primal Rhythm,Primal Rhythm,MusicalGroup
11129,Teresa Williams,Teresa Williams,Person,16782,Primal Rhythm,Primal Rhythm,MusicalGroup
6525,Kristin Anderson,Kristin Anderson,Person,16794,Prisma Flux,Prisma Flux,MusicalGroup
10745,Peter Jacobi Jäckel,Peter Jacobi Jäckel,Person,16794,Prisma Flux,Prisma Flux,MusicalGroup
10742,Scott Mckinney,Scott Mckinney,Person,16794,Prisma Flux,Prisma Flux,MusicalGroup
10744,Terry Gonzalez,Terry Gonzalez,Person,16794,Prisma Flux,Prisma Flux,MusicalGroup
6528,Vanessa Ramos,Vanessa Ramos,Person,16794,Prisma Flux,Prisma Flux,MusicalGroup
4819,Eugene Henderson,Eugene Henderson,Person,16816,Psycho Twang,Psycho Twang,MusicalGroup
90,Xiulan Li,Xiulan Li,Person,16816,Psycho Twang,Psycho Twang,MusicalGroup
3176,Christine Gonzales,Christine Gonzales,Person,16805,Pulse Collective,Pulse Collective,MusicalGroup
3175,Joshua Cruz,Joshua Cruz,Person,16805,Pulse Collective,Pulse Collective,MusicalGroup
3177,Michael Holloway,Michael Holloway,Person,16805,Pulse Collective,Pulse Collective,MusicalGroup
4703,Inaaya Bhatia,Inaaya Bhatia,Person,16878,Quantum Sonic Architects,Quantum Sonic Architects,MusicalGroup
4702,Nehmat Kanda,Nehmat Kanda,Person,16878,Quantum Sonic Architects,Quantum Sonic Architects,MusicalGroup
2069,Andrew Williams,Andrew Williams,Person,16744,Quattro Voci,Quattro Voci,MusicalGroup
2070,Jay Walters,Jay Walters,Person,16744,Quattro Voci,Quattro Voci,MusicalGroup
2634,Chao Li,Chao Li,Person,16916,Radiant Siblings,Radiant Siblings,MusicalGroup
2636,Chao Qin,Chao Qin,Person,16916,Radiant Siblings,Radiant Siblings,MusicalGroup
2637,Juan Lei,Juan Lei,Person,16916,Radiant Siblings,Radiant Siblings,MusicalGroup
2635,Wei Mo,Wei Mo,Person,16916,Radiant Siblings,Radiant Siblings,MusicalGroup
1575,Joseph Dixon,Joseph Dixon,Person,16936,Radiation Pulse,Radiation Pulse,MusicalGroup
1579,Liliana Heidrich,Liliana Heidrich,Person,16936,Radiation Pulse,Radiation Pulse,MusicalGroup
5258,Gianfranco Falier,Gianfranco Falier,Person,16749,Radical Syntax,Radical Syntax,MusicalGroup
236,Kimberly Castillo,Kimberly Castillo,Person,16749,Radical Syntax,Radical Syntax,MusicalGroup
17097,Cole Pierce,Cole Pierce,Person,17100,Rainfall Fiction,Rainfall Fiction,MusicalGroup
17098,Holden Rhys,Holden Rhys,Person,17100,Rainfall Fiction,Rainfall Fiction,MusicalGroup
17099,Max Everhart,Max Everhart,Person,17100,Rainfall Fiction,Rainfall Fiction,MusicalGroup
4664,Antonietta Ceravolo-Condoleo,Antonietta Ceravolo-Condoleo,Person,16809,Razor's Lament,Razor's Lament,MusicalGroup
4503,Fredo Grossi,Fredo Grossi,Person,16809,Razor's Lament,Razor's Lament,MusicalGroup
4665,Gino Michelangeli,Gino Michelangeli,Person,16809,Razor's Lament,Razor's Lament,MusicalGroup
9642,Jessica Harvey,Jessica Harvey,Person,16882,Rebel Scream,Rebel Scream,MusicalGroup
2045,Lilo Cichorius,Lilo Cichorius,Person,16882,Rebel Scream,Rebel Scream,MusicalGroup
9643,Timothy Bray,Timothy Bray,Person,16882,Rebel Scream,Rebel Scream,MusicalGroup
441,Alisha Fuller,Alisha Fuller,Person,16765,Renegade Harmony,Renegade Harmony,MusicalGroup
440,Gang Cui,Gang Cui,Person,16765,Renegade Harmony,Renegade Harmony,MusicalGroup
443,Guiying Qin,Guiying Qin,Person,16765,Renegade Harmony,Renegade Harmony,MusicalGroup
442,John Ferguson,John Ferguson,Person,16765,Renegade Harmony,Renegade Harmony,MusicalGroup
9384,Paula Mercado,Paula Mercado,Person,16863,Restless Verse,Restless Verse,MusicalGroup
9383,Scott Richmond,Scott Richmond,Person,16863,Restless Verse,Restless Verse,MusicalGroup
4259,Jie Tao,Jie Tao,Person,16822,Rhythm Brothers,Rhythm Brothers,MusicalGroup
4257,Xiulan Zhao,Xiulan Zhao,Person,16822,Rhythm Brothers,Rhythm Brothers,MusicalGroup
5016,Feliciana Figuerola Cruz,Feliciana Figuerola Cruz,Person,16908,Rhythm Collective,Rhythm Collective,MusicalGroup
13851,Rómulo Huertas,Rómulo Huertas,Person,16908,Rhythm Collective,Rhythm Collective,MusicalGroup
9178,Bianca Sagnelli-Onio,Bianca Sagnelli-Onio,Person,16924,Rhythmic Echo,Rhythmic Echo,MusicalGroup
9179,Fernanda Guarneri,Fernanda Guarneri,Person,16924,Rhythmic Echo,Rhythmic Echo,MusicalGroup
16950,Lila Green,Lila Green,Person,16952,Rust & Reverie,Rust & Reverie,MusicalGroup
16948,Aria Stone,Rune Aurora,Person,16952,Rust & Reverie,Rust & Reverie,MusicalGroup
16951,Theo Gray,Theo Gray,Person,16952,Rust & Reverie,Rust & Reverie,MusicalGroup
16949,Jaxon Rivers,Zephyr Wilds,Person,16952,Rust & Reverie,Rust & Reverie,MusicalGroup
7043,John Garcia,John Garcia,Person,16865,Rusty Anvil,Rusty Anvil,MusicalGroup
7044,Matthew Cowan,Matthew Cowan,Person,16865,Rusty Anvil,Rusty Anvil,MusicalGroup
3754,Annetta Passalacqua,Annetta Passalacqua,Person,16911,Sawyer and the Frontiers,Sawyer and the Frontiers,MusicalGroup
3752,Nanni Telesio,Nanni Telesio,Person,16911,Sawyer and the Frontiers,Sawyer and the Frontiers,MusicalGroup
3751,Imelda Zaguri,YUNG DUSK,Person,16911,Sawyer and the Frontiers,Sawyer and the Frontiers,MusicalGroup
17119,Lia Grant,Lia Grant,Person,17120,Selkie's Hollow,Selkie's Hollow,MusicalGroup
17118,Zachary Cole,Zachary Cole,Person,17120,Selkie's Hollow,Selkie's Hollow,MusicalGroup
12814,Jun Yi,Jun Yi,Person,16788,Shared Secrets,Shared Secrets,MusicalGroup
12815,Qiang Zhao,Qiang Zhao,Person,16788,Shared Secrets,Shared Secrets,MusicalGroup
4347,Tao Ye,Tao Ye,Person,16788,Shared Secrets,Shared Secrets,MusicalGroup
8381,Juan Fan,Juan Fan,Person,16762,SideShift,SideShift,MusicalGroup
2592,Ping Zhong,Ping Zhong,Person,16762,SideShift,SideShift,MusicalGroup
1929,Rhea Wali,Rhea Wali,Person,16850,Silent Horizon,Silent Horizon,MusicalGroup
1928,Zara Trivedi,Zara Trivedi,Person,16850,Silent Horizon,Silent Horizon,MusicalGroup
1347,Guiying Cao,Guiying Cao,Person,16772,Silver Seraph,Silver Seraph,MusicalGroup
1348,Jing Kang,Jing Kang,Person,16772,Silver Seraph,Silver Seraph,MusicalGroup
2932,Xia Xia,Xia Xia,Person,16772,Silver Seraph,Silver Seraph,MusicalGroup
1346,Xiuying Huang,Xiuying Huang,Person,16772,Silver Seraph,Silver Seraph,MusicalGroup
17031,Jasper Reed,Jasper Reed,Person,17032,Silver Veil,Silver Veil,MusicalGroup
17030,Eliza Brooks,Midnight Atlas,Person,17032,Silver Veil,Silver Veil,MusicalGroup
17249,Lila Rivers,Lila Rivers,Person,17250,Siren's Call,Siren's Call,MusicalGroup
17248,Mia Waters,Mia Waters,Person,17250,Siren's Call,Siren's Call,MusicalGroup
4445,Arnaude Joseph-Lacombe,Arnaude Joseph-Lacombe,Person,16860,Sly Notion,Sly Notion,MusicalGroup
11017,Benoît-Zacharie Gilbert,Benoît-Zacharie Gilbert,Person,16860,Sly Notion,Sly Notion,MusicalGroup
1066,Franck Hernandez Le Leclerc,Franck Hernandez Le Leclerc,Person,16860,Sly Notion,Sly Notion,MusicalGroup
11015,Margaud Chevallier,Margaud Chevallier,Person,16860,Sly Notion,Sly Notion,MusicalGroup
11016,Nathalie Jacquot,Nathalie Jacquot,Person,16860,Sly Notion,Sly Notion,MusicalGroup
1277,Min Kong,Min Kong,Person,16793,Snout Noise,Snout Noise,MusicalGroup
1743,Xiulan Wei,Xiulan Wei,Person,16793,Snout Noise,Snout Noise,MusicalGroup
5404,Jing Feng,Jing Feng,Person,16852,Sonic Disintegration Protocol,Sonic Disintegration Protocol,MusicalGroup
5402,Jun Yin,Jun Yin,Person,16852,Sonic Disintegration Protocol,Sonic Disintegration Protocol,MusicalGroup
3165,Jamie Ramos,Jamie Ramos,Person,16814,Sonic Pulse,Sonic Pulse,MusicalGroup
3164,Jeremy Li,Jeremy Li,Person,16814,Sonic Pulse,Sonic Pulse,MusicalGroup
3166,Ricky Silva,Ricky Silva,Person,16814,Sonic Pulse,Sonic Pulse,MusicalGroup
1719,Gerald Mullins,Gerald Mullins,Person,16745,Sonic Renegade,Sonic Renegade,MusicalGroup
1718,Joshua Herring,Joshua Herring,Person,16745,Sonic Renegade,Sonic Renegade,MusicalGroup
1918,Kelly Stewart,Kelly Stewart,Person,16745,Sonic Renegade,Sonic Renegade,MusicalGroup
1716,Kimberly Snyder,Slate,Person,16745,Sonic Renegade,Sonic Renegade,MusicalGroup
5865,Christine Ward,Christine Ward,Person,16817,Sonora Flux,Sonora Flux,MusicalGroup
5861,Lisa Hofmann,Lisa Hofmann,Person,16817,Sonora Flux,Sonora Flux,MusicalGroup
1535,Chad Hampton,Chad Hampton,Person,16781,Sovereign Elect,Sovereign Elect,MusicalGroup
1534,Holly Gonzalez,Holly Gonzalez,Person,16781,Sovereign Elect,Sovereign Elect,MusicalGroup
2458,Xiuying Fang,Xiuying Fang,Person,16929,Sovereign Riders,Sovereign Riders,MusicalGroup
2460,Yang Ye,Yang Ye,Person,16929,Sovereign Riders,Sovereign Riders,MusicalGroup
1993,Christina Johnson,Christina Johnson,Person,16812,Spectral Junk,Spectral Junk,MusicalGroup
1995,Cynthia Murphy,Cynthia Murphy,Person,16812,Spectral Junk,Spectral Junk,MusicalGroup
1992,Derek Smith,Derek Smith,Person,16812,Spectral Junk,Spectral Junk,MusicalGroup
1994,Julie Davis,Julie Davis,Person,16812,Spectral Junk,Spectral Junk,MusicalGroup
3774,Jun Yin,Jun Yin,Person,16919,Spirit & Rhythm,Spirit & Rhythm,MusicalGroup
3775,Yang Cui,Yang Cui,Person,16919,Spirit & Rhythm,Spirit & Rhythm,MusicalGroup
7617,Paula Bonbach,Paula Bonbach,Person,16874,Split Persona,Split Persona,MusicalGroup
7616,Wieslaw Wulf,Wieslaw Wulf,Person,16874,Split Persona,Split Persona,MusicalGroup
4608,Wei Yuan,Wei Yuan,Person,16775,Starseed,Starseed,MusicalGroup
3366,Xiuying Yao,Xiuying Yao,Person,16775,Starseed,Starseed,MusicalGroup
11321,Lucas Potter,Lucas Potter,Person,16853,Stormens Sång,Stormens Sång,MusicalGroup
7937,Na Zhou,Na Zhou,Person,16853,Stormens Sång,Stormens Sång,MusicalGroup
9380,Jun Dai,Jun Dai,Person,16868,Stormheart,Stormheart,MusicalGroup
12337,Li Lin,Li Lin,Person,16868,Stormheart,Stormheart,MusicalGroup
13285,Tao Fang,Tao Fang,Person,16868,Stormheart,Stormheart,MusicalGroup
109,Audrey-Camille Nicolas,Audrey-Camille Nicolas,Person,16875,Subterranean Whispers,Subterranean Whispers,MusicalGroup
107,Pompeo Turchi,Pompeo Turchi,Person,16875,Subterranean Whispers,Subterranean Whispers,MusicalGroup
873,Angelita Belda Enríquez,Angelita Belda Enríquez,Person,16858,Subtle Noise,Subtle Noise,MusicalGroup
872,Marina Acedo Montaña,Marina Acedo Montaña,Person,16858,Subtle Noise,Subtle Noise,MusicalGroup
5026,Cynthia Dixon,Cynthia Dixon,Person,16840,Surveillance,Surveillance,MusicalGroup
5024,Na Xie,Na Xie,Person,16840,Surveillance,Surveillance,MusicalGroup
1912,Yan Lin,Yan Lin,Person,16840,Surveillance,Surveillance,MusicalGroup
2363,Daniël Reijers,Daniël Reijers,Person,16766,Synaptic Collapse,Synaptic Collapse,MusicalGroup
4776,Michelle Vallenduuk,Michelle Vallenduuk,Person,16766,Synaptic Collapse,Synaptic Collapse,MusicalGroup
4351,Alfred Thibault,Alfred Thibault,Person,16913,Synaptic Stream,Synaptic Stream,MusicalGroup
4349,Zoé-Agnès Delaunay,Zoé-Agnès Delaunay,Person,16913,Synaptic Stream,Synaptic Stream,MusicalGroup
4434,Hansh Sidhu,Evoque,Person,16815,Sync Shift,Sync Shift,MusicalGroup
4433,Dhanuk Hari,Marble Wolf,Person,16815,Sync Shift,Sync Shift,MusicalGroup
627,Liwia Olbrych,Liwia Olbrych,Person,16779,Syncopated Symphony Collective,Syncopated Symphony Collective,MusicalGroup
628,Nicole Sudak,Nicole Sudak,Person,16779,Syncopated Symphony Collective,Syncopated Symphony Collective,MusicalGroup
4682,Amy Tate,Amy Tate,Person,16880,Talvikierros,Talvikierros,MusicalGroup
4683,Laura Clark,Laura Clark,Person,16880,Talvikierros,Talvikierros,MusicalGroup
1052,Augustin Besnard-Imbert,Augustin Besnard-Imbert,Person,16836,Terra Nova,Terra Nova,MusicalGroup
1053,Dominique Perret,Dominique Perret,Person,16836,Terra Nova,Terra Nova,MusicalGroup
17041,Arlo Sterling,Arlo Sterling,Person,17046,The Brine Choir,The Brine Choir,MusicalGroup
17045,Cassian Rae,Cassian Rae,Person,17046,The Brine Choir,The Brine Choir,MusicalGroup
17044,Elara May,Elara May,Person,17046,The Brine Choir,The Brine Choir,MusicalGroup
17042,Lyra Blaze,Lyra Blaze,Person,17046,The Brine Choir,The Brine Choir,MusicalGroup
17043,Orion Cruz,Orion Cruz,Person,17046,The Brine Choir,The Brine Choir,MusicalGroup
8196,Amy Lee,Amy Lee,Person,16784,The Cedar Lane Collective,The Cedar Lane Collective,MusicalGroup
8191,David Armstrong,Celestial Anomaly,Person,16784,The Cedar Lane Collective,The Cedar Lane Collective,MusicalGroup
8194,Pamela Chan,Pamela Chan,Person,16784,The Cedar Lane Collective,The Cedar Lane Collective,MusicalGroup
8199,Samuel Robertson,Samuel Robertson,Person,16784,The Cedar Lane Collective,The Cedar Lane Collective,MusicalGroup
8289,Ming Cai,Ming Cai,Person,16789,The Chaotic Realm of Elliot Flame,The Chaotic Realm of Elliot Flame,MusicalGroup
8290,Yan Shi,Yan Shi,Person,16789,The Chaotic Realm of Elliot Flame,The Chaotic Realm of Elliot Flame,MusicalGroup
1445,Maggie Faivre,Maggie Faivre,Person,16818,The Feast,The Feast,MusicalGroup
1444,Martine Normand,Martine Normand,Person,16818,The Feast,The Feast,MusicalGroup
17190,Astrid Nørgaard,Astrid Nørgaard,Person,17192,The Fiddle & The Fjord,The Fiddle & The Fjord,MusicalGroup
17189,Ewan MacCrae,Ewan MacCrae,Person,17192,The Fiddle & The Fjord,The Fiddle & The Fjord,MusicalGroup
17191,Freya Lindholm,Freya Lindholm,Person,17192,The Fiddle & The Fjord,The Fiddle & The Fjord,MusicalGroup
967,Chao Yao,Chao Yao,Person,16846,The Forgotten Archives,The Forgotten Archives,MusicalGroup
968,Ping Bai,Ping Bai,Person,16846,The Forgotten Archives,The Forgotten Archives,MusicalGroup
3014,Amy White,Amy White,Person,16896,The Garage Dolls,The Garage Dolls,MusicalGroup
3015,Dariusz Olszowa,Dariusz Olszowa,Person,16896,The Garage Dolls,The Garage Dolls,MusicalGroup
17108,Nathaniel Brooks,David Cole,Person,17110,The Hollow Monarchs,The Hollow Monarchs,MusicalGroup
17107,Chloe Montgomery,Lane Taylor,Person,17110,The Hollow Monarchs,The Hollow Monarchs,MusicalGroup
17109,Clara Davis,Rosemary Banks,Person,17110,The Hollow Monarchs,The Hollow Monarchs,MusicalGroup
16940,Luna Skye,Luna Skye,Person,16943,The Lunar Tides,The Lunar Tides,MusicalGroup
16941,Max Wilder,Max Wilder,Person,16943,The Lunar Tides,The Lunar Tides,MusicalGroup
16942,Nova Blaze,Nova Blaze,Person,16943,The Lunar Tides,The Lunar Tides,MusicalGroup
5544,Chao Chen,Chao Chen,Person,16900,The Midnight Sentinels,The Midnight Sentinels,MusicalGroup
5542,Xiulan Cai,Xiulan Cai,Person,16900,The Midnight Sentinels,The Midnight Sentinels,MusicalGroup
3894,Yan Yan,Yan Yan,Person,16918,The Nulls,The Nulls,MusicalGroup
3895,Yoko Fujita,Yoko Fujita,Person,16918,The Nulls,The Nulls,MusicalGroup
546,Emmy Bonbach,Emmy Bonbach,Person,16806,The Omega Collective,The Omega Collective,MusicalGroup
545,Herr Heinz-Walter Scheuermann,Herr Heinz-Walter Scheuermann,Person,16806,The Omega Collective,The Omega Collective,MusicalGroup
17061,Juno Ray,Juno Ray,Person,17063,The Phantom Operators,The Phantom Operators,MusicalGroup
17062,Savannah Teal,Savannah Teal,Person,17063,The Phantom Operators,The Phantom Operators,MusicalGroup
612,Elizabeth Saunders,Elizabeth Saunders,Person,16835,The Rhythm Rascals,The Rhythm Rascals,MusicalGroup
614,Xiulan He,Xiulan He,Person,16835,The Rhythm Rascals,The Rhythm Rascals,MusicalGroup
17297,Barnaby Quill,Barnaby Quill,Person,17299,The Saltwater Weavers,The Saltwater Weavers,MusicalGroup
17296,Coralia Bellweather,Coralia Bellweather,Person,17299,The Saltwater Weavers,The Saltwater Weavers,MusicalGroup
17298,Marina Grey,Marina Grey,Person,17299,The Saltwater Weavers,The Saltwater Weavers,MusicalGroup
17295,Silas Finch,Silas Finch,Person,17299,The Saltwater Weavers,The Saltwater Weavers,MusicalGroup
17165,Finn McGraw,Finn McGraw,Person,17167,The Salty Wakes,The Salty Wakes,MusicalGroup
17164,Rusty Riggins,Rusty Riggins,Person,17167,The Salty Wakes,The Salty Wakes,MusicalGroup
17166,William Tidewell,William Tidewell,Person,17167,The Salty Wakes,The Salty Wakes,MusicalGroup
303,Corinna Gute,Corinna Gute,Person,16813,The Seekers,The Seekers,MusicalGroup
1497,Horst Barkholz,Horst Barkholz,Person,16813,The Seekers,The Seekers,MusicalGroup
1881,Hridaan Kaur,Hridaan Kaur,Person,16826,The Three Drafts,The Three Drafts,MusicalGroup
1882,Rohan Shanker,Rohan Shanker,Person,16826,The Three Drafts,The Three Drafts,MusicalGroup
17313,Caleb Foster,Caleb Foster,Person,17314,The Tide Singer's Knot,The Tide Singer's Knot,MusicalGroup
17312,Eleanor Wren,Eleanor Wren,Person,17314,The Tide Singer's Knot,The Tide Singer's Knot,MusicalGroup
17311,Jonah Calloway,Jonah Calloway,Person,17314,The Tide Singer's Knot,The Tide Singer's Knot,MusicalGroup
17309,Levi Holloway,Levi Holloway,Person,17314,The Tide Singer's Knot,The Tide Singer's Knot,MusicalGroup
17310,Marin Thorne,Marin Thorne,Person,17314,The Tide Singer's Knot,The Tide Singer's Knot,MusicalGroup
2282,Angelina Dallapé-Brunelleschi,Angelina Dallapé-Brunelleschi,Person,16747,The Wandering Pulse,The Wandering Pulse,MusicalGroup
3336,Lucrezia Zamengo,Lucrezia Zamengo,Person,16747,The Wandering Pulse,The Wandering Pulse,MusicalGroup
2281,Michelotto Comisso,Michelotto Comisso,Person,16747,The Wandering Pulse,The Wandering Pulse,MusicalGroup
2280,Roberto Pausini,Roberto Pausini,Person,16747,The Wandering Pulse,The Wandering Pulse,MusicalGroup
17227,Aiden Harper,Aiden Harper,Person,17230,The Wave Riders,The Wave Riders,MusicalGroup
17228,Finn Morgan,Finn Morgan,Person,17230,The Wave Riders,The Wave Riders,MusicalGroup
17226,Kai Reynolds,Kai Reynolds,Person,17230,The Wave Riders,The Wave Riders,MusicalGroup
17229,Skylar Brooks,Skylar Brooks,Person,17230,The Wave Riders,The Wave Riders,MusicalGroup
3717,Albert Miller,Albert Miller,Person,16902,The Wayfarers,The Wayfarers,MusicalGroup
3712,Fang Duan,Fang Duan,Person,16902,The Wayfarers,The Wayfarers,MusicalGroup
16984,Michael Harris,Axel Blaze,Person,16987,Tidal Reverie,Tidal Reverie,MusicalGroup
16985,Kara Lee,Jade Sky,Person,16987,Tidal Reverie,Tidal Reverie,MusicalGroup
16983,Sophie Bennett,Luna Vibe,Person,16987,Tidal Reverie,Tidal Reverie,MusicalGroup
16986,Ethan Clarke,Maverick Storm,Person,16987,Tidal Reverie,Tidal Reverie,MusicalGroup
150,Li Luo,Li Luo,Person,16756,Triassic Collective,Triassic Collective,MusicalGroup
149,Xia Fu,Xia Fu,Person,16756,Triassic Collective,Triassic Collective,MusicalGroup
17089,Clara Henderson,Clara Henderson,Person,17091,Turbo Kill,Turbo Kill,MusicalGroup
17090,Ethan Crowley,Ethan Crowley,Person,17091,Turbo Kill,Turbo Kill,MusicalGroup
8611,Denise White,Denise White,Person,16795,Twilight Riders,Twilight Riders,MusicalGroup
8609,Jason Jordan,Jason Jordan,Person,16795,Twilight Riders,Twilight Riders,MusicalGroup
8248,Rachel Jackson,Rachel Jackson,Person,16795,Twilight Riders,Twilight Riders,MusicalGroup
4755,Mikołaj Rosłoń,Mikołaj Rosłoń,Person,16771,Undetected,Undetected,MusicalGroup
4753,Bartek Krężołek,Neon Ghost,Person,16771,Undetected,Undetected,MusicalGroup
4756,Stefan Berus,Stefan Berus,Person,16771,Undetected,Undetected,MusicalGroup
7865,Margaret Martin,Margaret Martin,Person,16909,Urban Decay Theorem,Urban Decay Theorem,MusicalGroup
7864,Pénélope du Cohen,Pénélope du Cohen,Person,16909,Urban Decay Theorem,Urban Decay Theorem,MusicalGroup
3761,Gang Shao,Gang Shao,Person,16823,Ursus,Ursus,MusicalGroup
3764,Wei Zhao,Wei Zhao,Person,16823,Ursus,Ursus,MusicalGroup
8287,Anneliese Bolnbach,Anneliese Bolnbach,Person,16925,Valhalla's Fury,Valhalla's Fury,MusicalGroup
8286,Kevin Wong,Kevin Wong,Person,16925,Valhalla's Fury,Valhalla's Fury,MusicalGroup
2591,Theresa Rivera,Theresa Rivera,Person,16867,Velvet Haze,Velvet Haze,MusicalGroup
4816,Xia Xue,Xia Xue,Person,16867,Velvet Haze,Velvet Haze,MusicalGroup
5988,Joseph Burgess,Joseph Burgess,Person,16903,Velvet Horizon,Velvet Horizon,MusicalGroup
5990,Stephanie Garcia,Stephanie Garcia,Person,16903,Velvet Horizon,Velvet Horizon,MusicalGroup
5557,Kendra Green,Kendra Green,Person,16855,Velvet Prism,Velvet Prism,MusicalGroup
5558,William Mcclain,William Mcclain,Person,16855,Velvet Prism,Velvet Prism,MusicalGroup
3673,Kenichi Kobayashi,Kenichi Kobayashi,Person,16849,Velvet Rogue,Velvet Rogue,MusicalGroup
3674,Kumiko Miura,Kumiko Miura,Person,16849,Velvet Rogue,Velvet Rogue,MusicalGroup
4285,Navya Sastry,Navya Sastry,Person,16752,Verdant Pulse,Verdant Pulse,MusicalGroup
4284,Tarini Hans,Tarini Hans,Person,16752,Verdant Pulse,Verdant Pulse,MusicalGroup
16959,Iris Moon,Iris Moon,Person,16960,Violet Engines,Violet Engines,MusicalGroup
16958,Zane Cruz,Zane Cruz,Person,16960,Violet Engines,Violet Engines,MusicalGroup
4092,Brian Hughes,Brian Hughes,Person,16828,Voltage Veil,Voltage Veil,MusicalGroup
4936,Megan Gilmore,Megan Gilmore,Person,16828,Voltage Veil,Voltage Veil,MusicalGroup
633,Guiying Shi,Guiying Shi,Person,16886,Vperyod Siyanie!,Vperyod Siyanie!,MusicalGroup
634,Jie Hu,Jie Hu,Person,16886,Vperyod Siyanie!,Vperyod Siyanie!,MusicalGroup
943,Kevin Carney,Kevin Carney,Person,16933,Warm Circuit,Warm Circuit,MusicalGroup
941,Na Yao,Na Yao,Person,16933,Warm Circuit,Warm Circuit,MusicalGroup
17206,Fiona Mercer,Fiona Mercer,Person,17207,Wayfinder's Lament,Wayfinder's Lament,MusicalGroup
17205,Liam O'Sullivan,Liam O'Sullivan,Person,17207,Wayfinder's Lament,Wayfinder's Lament,MusicalGroup
6567,Jing Sun,Jing Sun,Person,16866,Whisper Cascade,Whisper Cascade,MusicalGroup
6566,Lei Tan,Lei Tan,Person,16866,Whisper Cascade,Whisper Cascade,MusicalGroup
6565,Yong Liao,Mason King,Person,16866,Whisper Cascade,Whisper Cascade,MusicalGroup
6568,Qiang Gao,Qiang Gao,Person,16866,Whisper Cascade,Whisper Cascade,MusicalGroup
9771,Kristen Parks,Kristen Parks,Person,16832,Whisper the Thistles,Whisper the Thistles,MusicalGroup
1474,Tonya Brown,Tonya Brown,Person,16832,Whisper the Thistles,Whisper the Thistles,MusicalGroup
2537,Gang Mo,Gang Mo,Person,16920,Whispered Alibi,Whispered Alibi,MusicalGroup
2535,John Wilkinson,John Wilkinson,Person,16920,Whispered Alibi,Whispered Alibi,MusicalGroup
769,Florian van Santen-Sanders,Florian van Santen-Sanders,Person,16839,Whispered Embers,Whispered Embers,MusicalGroup
67,Guiying Pan,Guiying Pan,Person,16839,Whispered Embers,Whispered Embers,MusicalGroup
767,Jie He,Jie He,Person,16839,Whispered Embers,Whispered Embers,MusicalGroup
768,Jun Tan,Jun Tan,Person,16839,Whispered Embers,Whispered Embers,MusicalGroup
9210,Jing Jin,Jing Jin,Person,16928,Whispered Resonance,Whispered Resonance,MusicalGroup
9213,Ming Jia,Ming Jia,Person,16928,Whispered Resonance,Whispered Resonance,MusicalGroup
5869,Alex Halama,Alex Halama,Person,16833,Whispered Strings,Whispered Strings,MusicalGroup
222,Jakub Dziuda,Jakub Dziuda,Person,16833,Whispered Strings,Whispered Strings,MusicalGroup
190,Peter Haering,Peter Haering,Person,16767,Whispers & Echoes,Whispers & Echoes,MusicalGroup
844,Tobias Etzold-Dörr,Tobias Etzold-Dörr,Person,16767,Whispers & Echoes,Whispers & Echoes,MusicalGroup
8447,Amber Gibson,Amber Gibson,Person,16750,Zenith Horizon,Zenith Horizon,MusicalGroup
6317,Bradley Hayes,Bradley Hayes,Person,16750,Zenith Horizon,Zenith Horizon,MusicalGroup
6316,Dennis Lee,Dennis Lee,Person,16750,Zenith Horizon,Zenith Horizon,MusicalGroup
8446,Stephanie Robinson,Stephanie Robinson,Person,16750,Zenith Horizon,Zenith Horizon,MusicalGroup
